Patient_ID,Fp1,Fp2,F3,F4,C3,C4,P3,P4,O1,O2,F7,F8,T3,T4,T5,T6,Fz,Cz,Pz
v8p_v8p,1.7434576576065872,1.717706227832526,1.75690903172804,1.808858932163016,1.8704635986173423,1.8828518398958964,1.8128903637695721,1.8924762161751767,0.8481398988084385,1.8735412123346666,1.840288546223145,1.4281560401354585,1.801163322134471,1.7098095736083385,1.641722328052591,1.8660385541778028,1.689778715515267,1.9322460818431653,1.3808258284358104
