Patient_ID,Fp1,Fp2,F3,F4,C3,C4,P3,P4,O1,O2,F7,F8,T3,T4,T5,T6,Fz,Cz,Pz
v10p_v10p.csv,1.8980154602853876,1.82930493869521,1.9140093449872815,1.8314930982990445,1.9631261506168576,1.9328262039246056,1.8931682741352809,1.8340698214172955,1.9207895948527982,1.5655997151541992,1.886567048979221,1.5701311769519628,1.9141675899767687,1.839499543362665,2.040555963579898,1.9034769779273013,1.5533475658397657,1.9359067790820061,1.8710503252463342
