Patient_ID,Fp1,Fp2,F3,F4,C3,C4,P3,P4,O1,O2,F7,F8,T3,T4,T5,T6,Fz,Cz,Pz
v46p_v46p,1.8855649643866768,1.4456519792050848,1.853193023510757,1.8707803310661717,1.9189263248618964,1.9893682141408213,1.9075882628167795,1.899492147967841,1.9834191362186653,2.05508714904811,1.93741874000201,1.9740685517840575,2.0167619158199264,2.0548883908914606,1.9871139626433099,2.027690609617788,1.8119208429494265,2.013096173437786,1.8757199897172532
