Patient_ID,Fp1,Fp2,F3,F4,C3,C4,P3,P4,O1,O2,F7,F8,T3,T4,T5,T6,Fz,Cz,Pz
v200_v200.csv,1.515572974050234,1.3279872204408236,1.2988294522862538,1.4163287813382972,1.5410277525884197,1.5696243167385022,1.5074966006317778,1.4887672461127668,1.638430151136765,1.5414192704892478,1.623365610026437,1.308352698208945,1.5725033335219796,1.6145506637896867,1.7974969595879928,1.7444753989525488,1.392398817823579,1.508897889546529,1.5744092922976916
