Patient_ID,Fp1,Fp2,F3,F4,C3,C4,P3,P4,O1,O2,F7,F8,T3,T4,T5,T6,Fz,Cz,Pz
v30p_v30p,1.2191829009022093,1.2657551561355804,1.1567212002472114,1.2643110497285668,1.3271709017872477,1.5650251126598542,1.1083815363491811,1.4081740751599852,1.0282403570699894,1.5650492807038279,1.378724629527638,1.4025431394099312,1.1982622447429434,1.441303082198711,1.2201097991867451,1.6027617127798606,1.1512088199067958,1.405846418386853,1.1811894140645522
