Patient_ID,Fp1,Fp2,F3,F4,C3,C4,P3,P4,O1,O2,F7,F8,T3,T4,T5,T6,Fz,Cz,Pz
v112_v112.csv,1.39912956487768,1.4671632280890265,1.120205930078788,1.938143795509185,1.2202694339292228,1.6311682883362515,1.3117661092991795,1.2393057834702028,1.3288878067332859,1.3396715330021918,1.3826638263025566,1.5247577540373363,1.1065909160846443,1.4333473600058646,1.5200865978631475,1.3107090802507249,1.4359904822367096,1.6031795930486652,1.6432358956928566
