Patient_ID,Fp1,Fp2,F3,F4,C3,C4,P3,P4,O1,O2,F7,F8,T3,T4,T5,T6,Fz,Cz,Pz
v52p_v52p,1.8218984505254276,1.792571375042253,1.8804426714827036,1.7478057106969809,1.81304129551346,1.818051420311539,1.8947912344165392,1.581476253375952,1.868813193293363,1.6873381077297793,1.610048029518576,1.765975542755549,1.9999308960301612,1.827635622386918,1.9619505247962046,1.8027119546186317,1.8179603702126519,1.835604117254248,1.8281968358448282
