Patient_ID,Fp1,Fp2,F3,F4,C3,C4,P3,P4,O1,O2,F7,F8,T3,T4,T5,T6,Fz,Cz,Pz
v134_v134.csv,1.6389190942699576,1.6284717675730471,1.5349045298008952,1.616095072066439,1.4712935562193863,1.7606653945566766,1.5120028143534934,1.5098669330405134,1.5582709075193422,1.7007692972776294,1.5011233683278795,1.5803247187590008,1.6039819221622644,1.8006295873790128,1.0723440701524285,1.6792682829358965,1.4115368393310637,1.6915867104791316,1.4453259907091125
