Patient_ID,Fp1,Fp2,F3,F4,C3,C4,P3,P4,O1,O2,F7,F8,T3,T4,T5,T6,Fz,Cz,Pz
v215_v215.csv,1.6571005358494273,1.367437260200731,1.5344390107286854,1.4555223722962811,1.5176498428551244,1.5118691340829131,1.4969425588117073,1.3712638835192923,1.4877623644736166,1.4848407545524607,1.576473084171397,1.4168640154342294,1.845066547568769,1.6065444657638768,1.8424059059648448,1.7198196680218159,1.3204929304295612,1.4745719728487798,1.4870114894709503
