Patient_ID,Fp1,Fp2,F3,F4,C3,C4,P3,P4,O1,O2,F7,F8,T3,T4,T5,T6,Fz,Cz,Pz
v306_v306,1.6534751210232215,1.7868734802241022,1.5941238381116611,1.7440804506326986,1.9757281458425897,1.8725996699632201,1.952557113777245,1.9515172191829295,1.9218291430370105,1.9622988868708617,1.88456892213512,1.7530491970941942,1.7376788283790523,1.8427547906070867,1.8927690803581827,1.806025547980954,1.7340522178706763,1.9240079068892193,1.596297577787372
