Patient_ID,Fp1,Fp2,F3,F4,C3,C4,P3,P4,O1,O2,F7,F8,T3,T4,T5,T6,Fz,Cz,Pz
v50p_v50p,1.6830145893990291,1.6403369769914464,1.8854700105595157,1.6211554758547169,1.9308619646155885,1.9215671867244106,2.015508082963936,1.5365177232139131,1.9399894091592547,1.7571120997355045,1.9889190207492415,1.7929098075827765,2.114717772006798,1.8531714954117788,2.085245320325389,1.7173732488067808,1.9125035908280044,1.856888669346537,1.924712161655946
