Patient_ID,Fp1,Fp2,F3,F4,C3,C4,P3,P4,O1,O2,F7,F8,T3,T4,T5,T6,Fz,Cz,Pz
v138_v138.csv,1.4437018705171099,1.417915608718967,1.3278941214377529,1.3664870842220718,1.2813152424114538,1.4788114639052825,1.221003704949159,1.6911643290434508,1.1565413525277317,1.3779684651813073,1.5310661046540655,1.3558828758784176,1.4023320913649333,1.265345132773362,1.4394804179294893,1.4423037829859502,1.3737315393853806,1.4737392992841225,1.503142067966723
