Patient_ID,Fp1,Fp2,F3,F4,C3,C4,P3,P4,O1,O2,F7,F8,T3,T4,T5,T6,Fz,Cz,Pz
v32p_v32p,1.6527854874153527,1.6773729213449986,1.4307476913704336,1.5290203825243407,1.3481462194434384,1.6308448174343173,1.4724238423052096,1.511978519011449,1.2783234686229825,1.5627906985795526,1.840630864350418,1.367862068955112,1.472423621097379,1.7860907043509657,1.7012395893027574,1.797991712611429,1.3430184293039469,1.5308741590481794,1.4185141241203358
