Patient_ID,Fp1,Fp2,F3,F4,C3,C4,P3,P4,O1,O2,F7,F8,T3,T4,T5,T6,Fz,Cz,Pz
v58p_v58p,1.937860456924776,1.8429646575650445,1.971670260199315,1.8167673077162716,1.7392053505456575,1.8649331853542073,1.9472187870013622,1.5955316675860334,2.0541017737100304,1.8453218118938937,1.90779099020493,2.053369393564605,1.9244034465563749,2.1110603247149093,2.104536410656978,1.986955451318214,1.9243657863836345,1.8224098632425827,1.8377026803766636
