Patient_ID,Fp1,Fp2,F3,F4,C3,C4,P3,P4,O1,O2,F7,F8,T3,T4,T5,T6,Fz,Cz,Pz
v107_v107,1.4985795846028118,1.6281049420430236,1.5623188329787792,1.5147889472356355,1.5564911780317905,1.6679529560631758,1.5769300746906594,1.2292012408418636,1.44857749077967,1.5235069902253153,1.6311666568769168,1.6256505563846941,1.4570894609071994,1.7219655762701693,1.415688320112157,1.567726638963781,1.8922906023587407,1.609715660822555,1.6204261922560663
