Patient_ID,Fp1,Fp2,F3,F4,C3,C4,P3,P4,O1,O2,F7,F8,T3,T4,T5,T6,Fz,Cz,Pz
v190_v190.csv,1.8547264920922126,1.5317400223681816,1.7075797614550705,1.5487750801058482,1.832576602726541,1.4776741805792954,1.7572357174015343,1.5502289364243484,1.7924973079588593,1.555351342061682,1.8994853475419262,1.5453624993431392,2.0328950482698698,1.7052753137172374,2.084386212170963,1.7701742282767876,1.8055220439090602,1.799803450432682,1.8375048733617678
