Patient_ID,Fp1,Fp2,F3,F4,C3,C4,P3,P4,O1,O2,F7,F8,T3,T4,T5,T6,Fz,Cz,Pz
v18p_v18p.csv,1.2737042466472697,1.2887155720398376,1.325647353889066,1.4508760167404247,1.392504679674814,1.5206847889840485,1.340357628092625,1.5242436587570452,1.292025524211546,1.575379001047255,1.339809367378359,1.4011787415505244,1.3683143314666903,1.4358975818315285,1.5339457717515508,1.646829345220112,1.1870546318028663,1.6082134597912687,1.4487272186343665
