Patient_ID,Fp1,Fp2,F3,F4,C3,C4,P3,P4,O1,O2,F7,F8,T3,T4,T5,T6,Fz,Cz,Pz
v115_v115.csv,1.6368114024207001,1.562588590780079,1.6781942214660122,1.6026540570105388,1.6037224727516595,1.7165881628277084,1.6887895194044642,1.4216091714928454,1.5640353041414805,1.6026103885457665,1.6366705767604568,1.6929714779526828,1.58383590609784,1.690398964941492,1.7202156983365473,1.6141327430938333,1.8314696249674363,1.5416346367415468,1.6919147809912163
