Patient_ID,Fp1,Fp2,F3,F4,C3,C4,P3,P4,O1,O2,F7,F8,T3,T4,T5,T6,Fz,Cz,Pz
v110_v110.csv,1.6647657953970567,1.5391348792745783,1.6687438201389728,1.3527158635717806,1.6835578095133794,1.504535376662985,1.5409511847202815,1.2557989728913612,1.476748721413688,1.0359554727910494,1.5548487872922028,1.2458041370906696,1.6517484318770714,1.1932166882579787,1.4705707271720305,1.1659310865992523,1.418979315334672,1.4967989232566148,1.545454682729987
