Patient_ID,Fp1,Fp2,F3,F4,C3,C4,P3,P4,O1,O2,F7,F8,T3,T4,T5,T6,Fz,Cz,Pz
v303_v303,1.4140167854646677,1.7519800112622077,1.6967437683292603,1.92761705143361,1.908982535425527,1.964269402098374,1.6023489408675262,1.7871753517748328,1.8871224434108855,1.7407445840500815,1.6349497308781746,1.7621781701740344,1.095037337417271,1.935112265012842,1.3532028551459594,1.7334655093096094,0.8135174436028376,2.0121719098965727,1.5113350268927874
