Patient_ID,Fp1,Fp2,F3,F4,C3,C4,P3,P4,O1,O2,F7,F8,T3,T4,T5,T6,Fz,Cz,Pz
v231_v231.csv,1.4551669927587074,1.213677486918316,1.485125681920969,1.3740843200718316,1.5759786614365456,1.5181976700514896,1.3925288693726072,1.3616825400291535,1.6652142263362313,1.63992144469877,1.6291941936308016,1.284723050438465,2.057517307493171,1.4164901165144177,1.840643921711826,1.7666464685797179,1.554907232291669,1.3981851095505164,1.6071540209620307
