Patient_ID,Fp1,Fp2,F3,F4,C3,C4,P3,P4,O1,O2,F7,F8,T3,T4,T5,T6,Fz,Cz,Pz
v21p_v21p.csv,1.3571667177668632,1.3957093807180252,1.2979378249223172,1.5140223918302893,1.2317213252404198,1.6852039422939855,1.2199533137735186,1.5713560423854789,1.835945461029696,1.6589524695063123,1.5692875149820718,1.437535753992604,1.4614060313083037,1.4711582848460272,1.569450356756108,1.4505812316760003,1.3640126121256526,1.4516256023542313,1.214881244019196
