Patient_ID,Fp1,Fp2,F3,F4,C3,C4,P3,P4,O1,O2,F7,F8,T3,T4,T5,T6,Fz,Cz,Pz
v279_v279,1.6327706396063197,1.749491059334745,1.4486877232092135,1.7003049607244183,1.3884047360987615,1.6159477319687765,1.3802191099731176,1.3610744366661347,1.27955170325753,1.6140636078716817,1.610619179803467,1.61912822525011,1.3045296792018153,1.7626295477558065,1.6052910387407264,1.8024209338641652,1.5258363451015247,1.555356720518715,1.3663343823420888
