Patient_ID,Fp1,Fp2,F3,F4,C3,C4,P3,P4,O1,O2,F7,F8,T3,T4,T5,T6,Fz,Cz,Pz
v270_v270,1.545062829883313,1.380576974731516,1.5876702786280101,1.333003177558449,1.663956355501933,1.4452077179022091,1.577097867776517,1.2575196053132371,1.672023725475821,1.443018463147205,1.6620410294504637,1.4077543258227028,1.45188218686532,1.5309546413378308,1.6353227325340924,1.598714787845827,1.4973820111065792,1.4447624324452755,1.3886729779052525
