Patient_ID,Fp1,Fp2,F3,F4,C3,C4,P3,P4,O1,O2,F7,F8,T3,T4,T5,T6,Fz,Cz,Pz
v250_v250.csv,1.3682205383141808,1.4393248638576193,1.2638737591998175,1.3506542110029804,1.4068887429768324,1.478707341216003,1.5282548733524317,1.3826243118429593,1.7953958521308353,1.4647788596823919,1.2828542320819802,1.2416664898563288,1.2726833623510196,1.3753539090614457,1.5780603772847295,1.6472889422506993,1.3434551410732603,1.3381596575050692,1.3562102378214305
