Patient_ID,Fp1,Fp2,F3,F4,C3,C4,P3,P4,O1,O2,F7,F8,T3,T4,T5,T6,Fz,Cz,Pz
v42p_v42p,1.723801303482679,1.3751604639893449,1.7384011925889737,1.2409243442271696,1.783423598151133,1.5072496713264174,1.786410884539194,1.2440166824937533,1.5344756977356138,1.3131143524137565,1.9714804377770259,1.3607726788104566,1.8730380656045709,1.3828822964127254,1.9885620855103872,1.2305080456727135,1.7438785988570418,1.7150558252309933,1.6186344933937447
