Patient_ID,Fp1,Fp2,F3,F4,C3,C4,P3,P4,O1,O2,F7,F8,T3,T4,T5,T6,Fz,Cz,Pz
v246_v246.csv,1.4473638903597132,1.6333711637347221,1.4355222946161414,1.5063012543914476,1.263011134957838,1.5604502067283823,1.3206255740461632,1.4723079473581695,1.399143270782465,1.5099103635489475,1.36949261595114,1.550621817049219,1.2096646319152229,1.65111335120445,1.5146427482657545,1.658494189628489,1.2884421039157563,1.5552324554782646,1.3324640013467932
