Patient_ID,Fp1,Fp2,F3,F4,C3,C4,P3,P4,O1,O2,F7,F8,T3,T4,T5,T6,Fz,Cz,Pz
v43p_v43p,1.605776869551014,1.6649538140574167,1.7860471823815072,1.8916984114325475,1.967497259986942,1.9496007872724048,1.7403268203473772,1.8187212001502449,1.654867333475167,1.4425519952734027,1.7607515331146075,2.020103518393909,1.8995018638066439,1.937971922410278,2.0387551730964457,1.9945311596884734,1.816058878110149,2.0371058832860287,1.7894081436221523
