Patient_ID,Fp1,Fp2,F3,F4,C3,C4,P3,P4,O1,O2,F7,F8,T3,T4,T5,T6,Fz,Cz,Pz
v123_v123.csv,1.7410605242635802,1.92823025317902,1.8670354599779717,1.9220820699741257,1.8345032765760854,1.8805099390118762,1.7103908121396278,1.8569102414546927,1.6857462935649368,1.6916503080837053,1.609749799521646,1.7762202706187562,1.7667441071021344,1.6199181000263785,1.6602215909008224,1.723712489411004,1.7236344764871054,2.008658724845044,1.7700067116269507
