Patient_ID,Fp1,Fp2,F3,F4,C3,C4,P3,P4,O1,O2,F7,F8,T3,T4,T5,T6,Fz,Cz,Pz
v234_v234.csv,1.5838590470388412,1.3984328355216595,1.2208016788569633,1.4527130256219811,1.4278384385007516,1.5553934834164473,1.6072308154405617,1.5377987853696662,1.5339766785019604,1.5957070464314902,1.7181806175084438,1.2092408659775438,1.7570030477707919,1.6485366898395726,1.5457201684332573,2.1021134026126607,1.2634347617259634,1.513056951836715,1.3580917485918693
