Patient_ID,Fp1,Fp2,F3,F4,C3,C4,P3,P4,O1,O2,F7,F8,T3,T4,T5,T6,Fz,Cz,Pz
v125_v125.csv,1.6864041935489986,1.5769651342561155,1.3702677038511046,1.4275090222605127,1.5068607334772164,1.488033110233221,1.420595390591636,1.2887576220377719,1.392891907737663,1.4114672642133579,1.5855053872966627,1.2872488939691746,1.332261410385204,1.3699295028848923,1.3806069580193148,1.7003486702495225,1.5192045755577377,1.4991902594667765,1.2646073674912768
