Patient_ID,Fp1,Fp2,F3,F4,C3,C4,P3,P4,O1,O2,F7,F8,T3,T4,T5,T6,Fz,Cz,Pz
v15p_v15p.csv,1.3780723938952852,1.8439577543147063,1.6048180883315828,1.700552932744614,1.652651211492886,1.8591424951855844,1.5351862358656434,1.7598397793199618,1.3640370289578803,1.8440220845882287,1.513465920293707,1.6837978327676684,1.3220161979343983,1.9202851783448756,1.7263693296691907,1.9879462202668057,1.5493854119184505,1.8548475343971553,1.758023144872734
