Patient_ID,Fp1,Fp2,F3,F4,C3,C4,P3,P4,O1,O2,F7,F8,T3,T4,T5,T6,Fz,Cz,Pz
v179_v179.csv,1.5353294498203733,1.740321672284292,1.4443605370547656,1.6694064746111192,1.6512277558936872,1.851711073439306,1.6918658433441829,1.7530248456318498,1.7574593447390363,1.8826537279091564,1.4390839077001094,1.5378052924119774,1.5914435892719432,1.912232442416669,1.743017272070099,1.9783913380679872,1.4022884603398698,1.7980226020910264,1.583297204472192
