Patient_ID,Fp1,Fp2,F3,F4,C3,C4,P3,P4,O1,O2,F7,F8,T3,T4,T5,T6,Fz,Cz,Pz
v297_v297,1.7432959766459364,1.5723199490342132,1.7001546945322943,1.741604271334137,1.8192505993949828,1.7203489178191873,1.8209539340769512,1.7197991051179198,1.6073477884176381,1.634120347876919,1.4252324053051026,1.6507664448653507,1.613045180291763,1.652472519204053,1.9398534961604366,1.9113613867458854,1.8397208604881552,1.8068860440736687,1.6136634709570967
