Patient_ID,Fp1,Fp2,F3,F4,C3,C4,P3,P4,O1,O2,F7,F8,T3,T4,T5,T6,Fz,Cz,Pz
v49p_v49p,1.7229901804194494,1.8155301197817533,1.6928525323306305,1.7100041649037179,1.6698014765177502,1.8228272575728246,1.4898967643610832,1.7121955223877672,1.686458881342077,1.8120061956077986,1.9024077890540365,1.8581571870808382,1.563226024002296,1.8851768179495245,2.0162207875255085,1.9188019575897313,1.633392874699723,1.8694591027136607,1.6189713624867372
