Patient_ID,Fp1,Fp2,F3,F4,C3,C4,P3,P4,O1,O2,F7,F8,T3,T4,T5,T6,Fz,Cz,Pz
v27p_v27p,1.7526608273283735,1.7549653462932255,1.9974910891330602,1.9756824506639692,1.6446650297268963,2.0501954606172017,1.8633072698781215,1.8719112218190928,1.7786900952626379,1.691765166334676,2.0494383304744215,1.864932182738957,1.9658002156104146,1.9269872544274191,1.7037218300165797,1.5434185704978374,1.9297164203867183,1.9868467659749056,1.6991801847736738
