Patient_ID,Fp1,Fp2,F3,F4,C3,C4,P3,P4,O1,O2,F7,F8,T3,T4,T5,T6,Fz,Cz,Pz
v118_v118.csv,1.6049847380819742,1.8580028102265524,1.7308741326784443,1.9852861822470445,1.7463273427139825,1.940810206641233,1.6533751519153759,1.8001137293176495,1.583487125610998,1.8130247025734665,1.673805749308202,1.9211392081676868,1.7170312561769565,1.8840120917993568,1.4873272339165027,1.8314311048965948,1.6548787129049547,1.9972241829315633,1.5883443526926175
