Patient_ID,Fp1,Fp2,F3,F4,C3,C4,P3,P4,O1,O2,F7,F8,T3,T4,T5,T6,Fz,Cz,Pz
v54p_v54p,1.8342160245140091,1.5039279521399544,1.8788971703645876,1.5076499166717525,1.8695896307894593,1.6090371940833075,1.8584097737080993,1.39662969971877,1.86515933346677,1.5535933549728957,1.91066369275031,1.49466498072466,2.02108848754834,1.5948254210580188,2.0485428520537354,1.5778495900930505,1.8418573708075971,1.8712177878962688,1.8967209071862623
