Patient_ID,Fp1,Fp2,F3,F4,C3,C4,P3,P4,O1,O2,F7,F8,T3,T4,T5,T6,Fz,Cz,Pz
v114_v114.csv,2.0945734938778546,1.7305636347150264,1.9693651064262765,1.6680958954576104,2.0003576292369143,1.9129937082784272,2.060092509797748,1.508270447717067,1.8862598659604126,1.5650888859587146,1.9923904672776809,1.6922740890712165,1.9372251902593893,1.9172134072506246,1.8469326959447345,1.5849885680150768,1.8971327633896244,1.7781385619354433,2.049082413714226
