Patient_ID,Fp1,Fp2,F3,F4,C3,C4,P3,P4,O1,O2,F7,F8,T3,T4,T5,T6,Fz,Cz,Pz
v39p_v39p,1.6395768531010235,1.2793858310501718,1.398226138393741,1.3047624293410385,1.4748239723614116,1.4357052671455675,1.3503520173813879,1.2564271336364978,1.1503572670947206,1.1762393282097503,1.6190295468778513,1.1957091676243823,1.3444460698552576,1.3926563663660851,1.4162554228001119,1.4428515624751443,1.3104749708097447,1.4025801035892909,1.401578653908976
