Patient_ID,Fp1,Fp2,F3,F4,C3,C4,P3,P4,O1,O2,F7,F8,T3,T4,T5,T6,Fz,Cz,Pz
v44p_v44p,1.8616636306378949,1.7764127531441947,1.8346691578860987,1.6163191840237983,1.6222265836896228,1.7350080927070008,1.8282309217597437,1.6306069862572352,1.8183257082829893,1.621790224934089,1.8826074767406462,1.758838438404684,1.9669937295766022,1.7830391817940994,1.7493208690721662,1.8422091307395592,1.7993800338121115,1.7854172676552658,1.7970365797388057
