Patient_ID,Fp1,Fp2,F3,F4,C3,C4,P3,P4,O1,O2,F7,F8,T3,T4,T5,T6,Fz,Cz,Pz
v143_v143.csv,1.116461102116368,1.3801350665660603,1.1242625903416341,1.2842292876597439,1.2673553083169034,1.5140621840293091,1.3140433364676927,1.4746483157406431,1.3615378184430695,1.5509541258724298,1.1733212408615667,1.2716434625275412,1.1387310752705964,1.6168977642385274,1.3116263790330258,1.5660509311370823,1.2181868612884887,1.494990242368507,1.3108669485783153
