Patient_ID,Fp1,Fp2,F3,F4,C3,C4,P3,P4,O1,O2,F7,F8,T3,T4,T5,T6,Fz,Cz,Pz
v20p_v20p.csv,1.5065139875561329,1.5105677177854457,1.3538711018184362,1.4541676664353433,1.5910031021902706,1.710137664878335,1.3567142813959783,1.5101431456281817,1.8324083681504648,1.7192813212024909,1.6808852033965755,1.6171441517042857,1.5040708864968586,1.6579176506165276,1.560961396990439,1.5442174710512284,1.6361817019312022,1.4968299531177829,1.6460564811751772
