Patient_ID,Fp1,Fp2,F3,F4,C3,C4,P3,P4,O1,O2,F7,F8,T3,T4,T5,T6,Fz,Cz,Pz
v41p_v41p,1.8547363519386755,1.5812151366175549,2.0192795896536264,1.6027024278072086,1.9777031651058508,1.7060781171419093,1.9865912244195707,1.676284937673966,2.0475089306253267,1.834741932874742,2.0450490465448565,1.6212368230035765,2.095163836770668,1.6757054909490887,2.0577220325599477,1.607927350305168,1.914157700525994,1.9355498935505402,1.9443451395443878
