Patient_ID,Fp1,Fp2,F3,F4,C3,C4,P3,P4,O1,O2,F7,F8,T3,T4,T5,T6,Fz,Cz,Pz
v35p_v35p,1.4869135916532294,1.4496903443218927,1.4386954610710805,1.3757213569127682,1.4301502402378223,1.5540347645854204,1.4855137753638692,1.3733412808693815,1.4308857207187646,1.3790782981919278,1.6624878946382577,1.403858742565435,1.559220807801935,1.649956560483683,1.5457314160374547,1.4086520998894527,1.3977966652413882,1.4784141422321717,1.4543008963437813
