Patient_ID,Fp1,Fp2,F3,F4,C3,C4,P3,P4,O1,O2,F7,F8,T3,T4,T5,T6,Fz,Cz,Pz
v209_v209.csv,1.412069445651511,1.4376930569898105,1.3761533800233496,1.3640792433036841,1.4295069592247103,1.4647910754484896,1.4304359225725012,1.4497988256372953,1.517315453789171,1.5648303575939004,1.4551645173581798,1.3203653145226446,1.5268985485300628,1.6637836933132952,1.7588849876439694,1.7495573287551913,1.3459758164925386,1.4996218477001788,1.4745195652305232
