Patient_ID,Fp1,Fp2,F3,F4,C3,C4,P3,P4,O1,O2,F7,F8,T3,T4,T5,T6,Fz,Cz,Pz
v29p_v29p,1.2441946985423926,1.4178422334301257,1.5288064975412285,1.5225626511136738,1.3992907198601325,1.6041871225407158,1.3525885301968166,1.61758397782175,1.4786761909841752,1.7629410881352028,1.7335523787141893,1.3360929985980525,1.2476834869423463,1.583395398852772,1.398771060251557,1.642266102308299,1.2365726381721314,1.5751614548690478,1.249965731640113
