Patient_ID,Fp1,Fp2,F3,F4,C3,C4,P3,P4,O1,O2,F7,F8,T3,T4,T5,T6,Fz,Cz,Pz
v57p_v57p,1.8853353302608795,1.5614699865504562,1.9105491831727806,1.6330187495903283,1.8120222711724248,1.7480603589126282,1.9010287958468899,1.801657231854846,2.0547213784788445,1.7700814420283493,2.0154033014684707,1.6522003818001534,1.9621083846932361,1.836728521317771,2.03449239168111,1.9234197019446189,1.8243833534254774,1.8966898516255668,1.9271811897897777
