Patient_ID,Fp1,Fp2,F3,F4,C3,C4,P3,P4,O1,O2,F7,F8,T3,T4,T5,T6,Fz,Cz,Pz
v127_v127.csv,1.4320887900499724,1.6870445578575506,1.3642589210102964,1.6865432416790682,1.2825241682725341,1.5736137958657812,1.2467782446103302,1.295152330879208,1.2212336975703293,1.427593453414524,1.5674172025879498,1.4555277322917317,1.0798751302679728,1.6590157040746254,1.3150517932584815,1.5315008101312304,1.3266474655880267,1.4338771446977336,1.2469649816606503
