Patient_ID,Fp1,Fp2,F3,F4,C3,C4,P3,P4,O1,O2,F7,F8,T3,T4,T5,T6,Fz,Cz,Pz
v149_v149.csv,1.0341758989098655,1.54907670083808,0.977177674184452,1.386034090606167,1.1027328575928115,1.5077368866931438,1.1607457060679405,1.7497864592048744,1.0319560917491115,1.8103674766797395,1.0441233309492008,1.407713667571893,0.9331153133430119,1.5347851058409883,1.1697869532324643,1.8369057645360733,1.0824293684902693,1.52063175646733,1.1563573020225801
