Patient_ID,Fp1,Fp2,F3,F4,C3,C4,P3,P4,O1,O2,F7,F8,T3,T4,T5,T6,Fz,Cz,Pz
v133_v133.csv,1.6650347203294995,1.6138690672334497,1.274365674950121,1.562440546402498,1.4723952376816904,1.577350265031173,1.3363072417662587,1.2685608545162208,1.5506308942171363,1.6008283841315114,1.4159049384547049,1.4610922926475984,1.3333540062388534,1.4045058032406077,1.421539124520962,1.6868078022608053,1.3566332474950014,1.5620642301231458,1.1696756482732291
