Patient_ID,Fp1,Fp2,F3,F4,C3,C4,P3,P4,O1,O2,F7,F8,T3,T4,T5,T6,Fz,Cz,Pz
v299_v299,1.527565876993564,1.5133987716040256,1.7391014338825075,1.7078548610263384,1.798187992627751,1.7928936076315622,1.9162940096335124,1.89216853877023,1.8506754727233998,1.759196134986185,1.6905666625887639,1.4283940329027787,1.6760065876183137,1.5778447538157985,2.0337507090499507,1.845810835893511,1.6120780019059957,1.8586400129842575,1.5863371514466165
