Patient_ID,Fp1,Fp2,F3,F4,C3,C4,P3,P4,O1,O2,F7,F8,T3,T4,T5,T6,Fz,Cz,Pz
v304_v304,1.5581641130874901,1.7500308911687208,1.7434352125636732,1.653107111392477,1.5908669608679133,1.9709689663853904,1.8400791853819038,1.964689552508589,1.806878693492913,2.0029115377354136,1.574366648787966,1.397325736128208,1.7287583732948981,2.010992106416456,2.023990935566026,1.742078810720412,0.9643646859691004,1.8026838256310178,1.4225061151347504
