Patient_ID,Fp1,Fp2,F3,F4,C3,C4,P3,P4,O1,O2,F7,F8,T3,T4,T5,T6,Fz,Cz,Pz
v47p_v47p,1.83301478772486,1.578706296792637,1.835496978490763,1.580566895276296,1.879410838804045,1.7445157982493082,1.8919949842046115,1.629458413136999,1.9363260753955824,1.6169837614469333,1.8256868359108234,1.5802267920221622,1.965580006771031,1.740072241463948,1.9370320329843222,1.6699069288139947,1.8400149485011754,1.9088036743067818,1.8586326274524039
