Patient_ID,Fp1,Fp2,F3,F4,C3,C4,P3,P4,O1,O2,F7,F8,T3,T4,T5,T6,Fz,Cz,Pz
v36p_v36p,1.4258096826629183,1.5756936417569292,1.5695196302261483,1.6293410094616352,1.5240285430332539,1.6741740481560825,1.362051051525571,1.6667006066515562,1.5574614895674337,1.7021545462753656,1.5283662453013975,1.575772936210074,1.3927400870897886,1.7327438439116234,1.536177406460176,1.7536110807486045,1.3343198957838016,1.6695862178039604,1.3904488021897454
