Patient_ID,Fp1,Fp2,F3,F4,C3,C4,P3,P4,O1,O2,F7,F8,T3,T4,T5,T6,Fz,Cz,Pz
v219_v219.csv,1.6073495588727291,1.5364325475567222,1.6132390524512195,1.6016325711615256,1.7130299863483227,1.6599729217933765,1.611134811438927,1.4998698700153734,1.6553516916134328,1.6556125516727054,1.6918639747082018,1.6498123294109384,1.774051854948425,1.6653527389907214,1.8627093160263755,1.592408640334468,1.574580060922938,1.6886086635609034,1.559722516848808
