Patient_ID,Fp1,Fp2,F3,F4,C3,C4,P3,P4,O1,O2,F7,F8,T3,T4,T5,T6,Fz,Cz,Pz
v213_v213.csv,1.3438304724108545,1.4736926457920085,1.411052415347371,1.4808467836324861,1.44194108107276,1.5508781181719051,1.4286472893418916,1.4762277815402287,1.702203068175514,1.6921351007063867,1.3684984500175674,1.4918653794397523,1.4650125915042467,1.5022454615453786,1.7069092352223247,1.854538034248062,1.4315556804710576,1.504454949087965,1.4368847482699985
