Patient_ID,Fp1,Fp2,F3,F4,C3,C4,P3,P4,O1,O2,F7,F8,T3,T4,T5,T6,Fz,Cz,Pz
v48p_v48p,1.7291470647381706,1.554428311913148,1.8485026286238142,1.9381603283465836,1.9156715792213994,2.056121934208101,1.7726050998153742,1.8624939835368561,1.8842705734410536,1.9832415842641042,1.8000583438234834,1.88109762917977,1.9620717110479227,1.6900349435575919,1.8451437314094248,2.0749710798482752,1.7903843575911793,2.0156599217219133,1.8696231346654333
