Patient_ID,Fp1,Fp2,F3,F4,C3,C4,P3,P4,O1,O2,F7,F8,T3,T4,T5,T6,Fz,Cz,Pz
v254_v254.csv,1.4578960525141245,1.6455646858428938,1.4724432771750737,1.3434994194363505,1.4968214335307475,1.48458322509391,1.6548999441748244,1.2883711395880626,1.5197983856925332,1.4685268928659814,1.5603564079961942,1.376941861853067,1.6158387348580399,1.614643047003316,1.9646889002957408,1.665210529585341,1.463318024929431,1.421338897176903,1.6329278782599417
