Patient_ID,Fp1,Fp2,F3,F4,C3,C4,P3,P4,O1,O2,F7,F8,T3,T4,T5,T6,Fz,Cz,Pz
v238_v238.csv,1.509560557626373,1.4975815807159965,1.5018870793884171,1.3815826711282457,1.5441692468173,1.5158533545992086,1.5433468985478975,1.3567020922639195,1.4227286112415838,1.481906151176601,1.295506785012825,1.4511870284803092,1.4221355742115853,1.3995551412469882,1.8015829370039667,1.42682160479482,1.4509870193731027,1.4178974872375667,1.4608436315581077
