Patient_ID,Fp1,Fp2,F3,F4,C3,C4,P3,P4,O1,O2,F7,F8,T3,T4,T5,T6,Fz,Cz,Pz
v227_v227.csv,1.4459780564189995,1.5912920630362617,1.5152350579075478,1.5075348709254297,1.327840859791411,1.4793271869273759,1.4687566550070237,1.3304571517103074,1.4290754948917321,1.4354308987374522,1.5041354999468766,1.4849654899827525,1.4993494245240089,1.6737031545446053,1.4478065596836998,1.552825175602301,1.3400424580316308,1.6549297485243937,1.454771974749507
