Patient_ID,Fp1,Fp2,F3,F4,C3,C4,P3,P4,O1,O2,F7,F8,T3,T4,T5,T6,Fz,Cz,Pz
v129_v129.csv,1.194384005858105,1.5140477367124072,1.1447457308499094,1.3773482586369705,1.2015098427846445,1.5101385827949554,1.195555821321388,1.3368235977720038,1.0640419413176332,1.360496497322775,1.1824738194270195,1.3595612732541844,1.0112864863684887,1.4817964583198218,1.132858907660903,1.4290331097641373,1.1856598827368372,1.3986982934435699,1.1854789751415997
