Patient_ID,Fp1,Fp2,F3,F4,C3,C4,P3,P4,O1,O2,F7,F8,T3,T4,T5,T6,Fz,Cz,Pz
v117_v117.csv,1.7988144339124048,1.8688411794787712,1.809606059644711,1.925943701762761,1.8826274605357884,2.0263508426391192,1.9222831394414772,1.9763047781263063,1.6677338286839793,1.8848537946235382,1.6851385661379892,1.8823196075963704,1.6215170978063975,1.944422660768323,1.8139328111400692,1.6163392656496685,1.896398383051408,1.9932299313136186,1.8979784780854922
