Patient_ID,Fp1,Fp2,F3,F4,C3,C4,P3,P4,O1,O2,F7,F8,T3,T4,T5,T6,Fz,Cz,Pz
v14p_v14p.csv,1.427187477663423,1.2434092749640326,1.781660651885705,1.555771050068528,1.7444863478623578,1.6799074265386906,1.69709163686717,1.67437579855181,1.7905915893152962,1.666771965533652,1.7867245568700438,1.5085718647992454,1.6986207446450567,1.633140078576119,1.9069930848414254,1.811972524156097,1.6623356187288687,1.894906912157877,1.7449213873186586
