Patient_ID,Fp1,Fp2,F3,F4,C3,C4,P3,P4,O1,O2,F7,F8,T3,T4,T5,T6,Fz,Cz,Pz
v56p_v56p,1.5879839229416017,1.6097999124797262,1.712447563705731,1.7263983131047036,1.828142249143375,1.8603469977297804,1.747788548723836,1.6369323061711496,1.8694313769998976,1.8719391727031693,1.7974041046415756,1.7336770350546091,2.0081503800554232,1.8368680824241341,1.9690071999765806,2.04625676279679,1.6895449375482787,1.9523739111407599,1.6977682268531185
