Patient_ID,Fp1,Fp2,F3,F4,C3,C4,P3,P4,O1,O2,F7,F8,T3,T4,T5,T6,Fz,Cz,Pz
v265_v265,1.5913163760009859,1.4995374471407663,1.5909959352235332,1.3360109243014477,1.6028396074587792,1.5130075799260112,1.577968705763027,1.3750582296245466,1.6646385800056436,1.42322304835165,1.6230357991542017,1.3002216736701424,1.4879824657067613,1.35127876193427,1.7459897377837885,1.5350924106869424,1.5785636636223361,1.5266900696325463,1.6434108043148834
