Patient_ID,Fp1,Fp2,F3,F4,C3,C4,P3,P4,O1,O2,F7,F8,T3,T4,T5,T6,Fz,Cz,Pz
v37p_v37p,1.4360107322347249,1.4664197836357529,1.4874805859639837,1.5865787496551271,1.48988798574627,1.6895729370769557,1.532420105357661,1.538295245124694,1.7242240859286726,1.7892109744013798,1.3658911554123927,1.4450296461739423,1.4565455862666754,1.6529621313209621,1.6737384292000201,1.9084480048993608,1.4029423364674227,1.568417554916822,1.521398776544348
