Patient_ID,Fp1,Fp2,F3,F4,C3,C4,P3,P4,O1,O2,F7,F8,T3,T4,T5,T6,Fz,Cz,Pz
v38p_v38p,1.711247898738823,1.5267643271196953,1.7442635873462766,1.6077032603381989,1.6830279932140284,1.6281041047425986,1.6190469835682757,1.4242752185198269,1.554667974508753,1.7134892849174772,1.9791958890552213,1.4701315228373395,1.6270094978055365,1.6393835724432004,1.7892600548292128,1.9102801236584543,1.4466248822435719,1.6320301199498721,1.63195324423429
