Patient_ID,Fp1,Fp2,F3,F4,C3,C4,P3,P4,O1,O2,F7,F8,T3,T4,T5,T6,Fz,Cz,Pz
v263_v263,1.3987540086576051,1.4441305703030225,1.3669254407760056,1.3670324497396384,1.3526046253624453,1.6347428116263707,1.5927867695529105,1.5152805219471088,1.623593673870718,1.5985652020979453,1.3425361814782217,1.2881808186495074,1.3734634868572697,1.4114273008873224,1.6452092481467973,1.535623423654767,1.312711759023288,1.502430498524054,1.5569055812382269
