Patient_ID,Fp1,Fp2,F3,F4,C3,C4,P3,P4,O1,O2,F7,F8,T3,T4,T5,T6,Fz,Cz,Pz
v40p_v40p,1.454119541074292,1.6545372720956193,1.3988556898117408,1.6102123194936526,1.426641288288145,1.7128325685216677,1.368477650402034,1.4934044763052308,1.4148898623472919,1.282767397603303,1.4237794073576047,1.6115265561407854,1.3912914659393483,1.611098825480087,1.3499407084894979,1.7912666745028032,1.3664744092960728,1.6230944148062183,1.3956778950811555
