Patient_ID,Fp1,Fp2,F3,F4,C3,C4,P3,P4,O1,O2,F7,F8,T3,T4,T5,T6,Fz,Cz,Pz
v274_v274,1.4040862789599786,1.5952617674768383,1.2516298064777778,1.357364985109509,1.3467514060860322,1.4335093722695964,1.3092339628783733,1.1683780282729312,1.3349922586623957,1.3588730710038384,1.7278073735136532,1.096922319735644,1.5940677012779498,1.7229595355323841,1.447743401727692,1.7855480994982287,1.22371056156083,1.3935584718743366,1.341543815506371
