Patient_ID,Fp1,Fp2,F3,F4,C3,C4,P3,P4,O1,O2,F7,F8,T3,T4,T5,T6,Fz,Cz,Pz
v108_v108.csv,1.319016839356474,1.4828834334543495,1.3360530942001279,1.50005544802917,1.3885725553609811,1.6105708503839953,1.2612967204008418,1.4217100045055586,1.421353718060487,1.2879424280830745,1.3360796115950424,1.5150291372304565,1.1715555823260404,1.4517534509441985,1.227339413412623,1.2622501215680413,1.6848557251614409,1.4721886060038196,1.4228727169117477
