Patient_ID,Fp1,Fp2,F3,F4,C3,C4,P3,P4,O1,O2,F7,F8,T3,T4,T5,T6,Fz,Cz,Pz
v113_v113.csv,1.953061806258436,1.7787824089955224,1.9681775983221508,1.8586699286174584,1.8821751485874154,1.7871050874089995,1.6004344066316212,1.610701979922513,1.5588582701981006,1.5456891480809336,1.8811924014954995,1.7982252025726728,1.720430787227695,1.8928056085961655,1.67989322158817,1.3900853018238841,2.026163037161269,1.9323762118325423,1.6560701473905453
