Patient_ID,Fp1,Fp2,F3,F4,C3,C4,P3,P4,O1,O2,F7,F8,T3,T4,T5,T6,Fz,Cz,Pz
v51p_v51p,1.7797398593556926,1.8296749122625435,1.823136704274427,1.8235818150744025,1.6875044516516393,2.0117623407249985,1.5062711433811034,1.6934183554951598,1.617040792078825,1.7944091003676554,1.7759112448976921,2.0119161938863392,1.8285710984983092,1.90062005761237,1.8149926632477404,1.9683999636064016,1.7187948344065767,1.833568049544965,1.4473293536470337
