Patient_ID,Fp1,Fp2,F3,F4,C3,C4,P3,P4,O1,O2,F7,F8,T3,T4,T5,T6,Fz,Cz,Pz
v183_v183.csv,1.4674198899395647,1.6828518732942293,1.4818545472466695,1.6307080235992788,1.3997499229486956,1.7199719899799994,1.4380550886057906,1.5148875213008393,1.556257748335641,1.5999481933020232,1.311283852822073,1.4768309469424814,1.343693205109855,1.7673530137543878,1.478498794355335,1.8598298762107586,1.3851952765438331,1.6350099686875197,1.4159452254705092
