Patient_ID,Fp1,Fp2,F3,F4,C3,C4,P3,P4,O1,O2,F7,F8,T3,T4,T5,T6,Fz,Cz,Pz
v28p_v28p,1.7460303457451367,1.7826952279281931,1.8546696947811157,1.8401261653210215,1.8979459415549362,1.9270074544493507,1.8039479000679144,1.913749087315579,1.8887484214715844,1.8774885980478775,1.9243547000299133,1.77591962548685,1.8543544620408001,1.9091958988734632,1.9325040976805878,2.0633932493475786,1.6716054871844754,1.9457768565782265,1.7434883746903216
