Patient_ID,Fp1,Fp2,F3,F4,C3,C4,P3,P4,O1,O2,F7,F8,T3,T4,T5,T6,Fz,Cz,Pz
v310_v310,1.9846728379764293,2.0711261050916603,2.043880749996351,2.084967531926294,2.0309529066354814,1.9656198117764339,2.035625800753005,2.0619073846666947,1.8797976801303857,2.028588062209499,1.9864872378328773,2.028776840016632,1.6924640945672982,1.785304148399228,2.0367091131266664,2.0286816688774554,1.9833477901651042,2.0568294184782703,2.006661768756982
