Patient_ID,Fp1,Fp2,F3,F4,C3,C4,P3,P4,O1,O2,F7,F8,T3,T4,T5,T6,Fz,Cz,Pz
v288_v288,1.3842814771942762,1.336732498127558,1.3160748901929455,1.2926358985382596,1.419688769346446,1.464971363249035,1.349887871888364,1.3501033300664416,1.5643592240417372,1.5303432717940595,1.3381511186777377,1.3978513170701028,1.247034538281405,1.509734754437607,1.6182773649630797,1.6510461731441195,1.2172280837936644,1.3952255703352328,1.3940378405428082
