Patient_ID,Fp1,Fp2,F3,F4,C3,C4,P3,P4,O1,O2,F7,F8,T3,T4,T5,T6,Fz,Cz,Pz
v206_v206.csv,1.9025747125549035,1.8941202663917371,2.004556805814585,2.0131878109723456,1.9706592376144787,2.047467127827767,1.7838510876649565,1.9550884866644536,1.94237452656614,1.888072842796526,1.823435689809064,1.7280889205859786,1.7224786046821867,1.8783144999256818,2.1605237087285625,2.0557415190418107,1.8746546980755765,2.045482238065758,1.9872202772173369
