Patient_ID,Fp1,Fp2,F3,F4,C3,C4,P3,P4,O1,O2,F7,F8,T3,T4,T5,T6,Fz,Cz,Pz
v120_v120.csv,1.4297459584652144,1.5818441785109658,1.57203331933502,1.2930121480281271,1.3335368953653375,1.5376025507547144,1.6196364148265143,1.545181771132183,1.3729228775826523,1.7027888516993306,1.4051201525113108,1.7155552514127717,1.52312472378394,1.6939246594027626,1.367759940131084,1.6809402943728626,1.4542915776969707,1.5588867025695836,1.1534662579455066
