Patient_ID,Fp1,Fp2,F3,F4,C3,C4,P3,P4,O1,O2,F7,F8,T3,T4,T5,T6,Fz,Cz,Pz
v22p_v22p.csv,1.4880962658394363,1.4190173392575738,1.786372584712181,1.7290054575288814,1.8364277364608617,1.7593316727423414,1.7121895715904367,1.5839915719370739,1.6134475909199146,1.4403756959776337,1.6156719736237073,1.3616005751716305,1.7189631616796772,1.674767526715871,1.6815811958824414,1.4303207794715411,1.4698336522800632,1.8532128047356045,1.6476688563036657
