Patient_ID,Fp1,Fp2,F3,F4,C3,C4,P3,P4,O1,O2,F7,F8,T3,T4,T5,T6,Fz,Cz,Pz
v1p_v1p.csv,1.6422732404521305,1.3993191944969277,1.7887763185407257,1.3855679568080324,1.8942908984450941,1.7197964948964266,1.9156348403918617,1.5127539559424088,1.7571092381972981,1.733368464129562,1.7383991072332403,1.4222526140452376,2.0843620762357187,1.3515873308495423,2.017587355057275,1.6362291935125626,1.7471807369151557,1.5939817608627513,1.868022643291745
