Patient_ID,Fp1,Fp2,F3,F4,C3,C4,P3,P4,O1,O2,F7,F8,T3,T4,T5,T6,Fz,Cz,Pz
v300_v300,1.5699477942690079,1.7123586105617523,1.6735247017354,1.7362128682224744,1.687225037107388,1.6540575201152947,1.7512603670814153,1.8176494483402035,1.6068640761401909,1.5376602517183513,1.587593927396047,1.5205494185148973,1.6791036156763903,1.5787726633552897,1.7552251934122873,2.0375557249986995,1.5231728649750265,1.8753925563658917,1.042371840051731
