Patient_ID,Fp1,Fp2,F3,F4,C3,C4,P3,P4,O1,O2,F7,F8,T3,T4,T5,T6,Fz,Cz,Pz
v6p_v6p,1.7048676617427336,1.3023439910176822,1.7649677094537672,1.8290796623215408,1.7554331283985594,1.87664221830173,1.625830810845331,1.81149458505248,1.8491147621035804,1.8069211797324787,1.9136428138220731,1.9142668268748642,1.8910863418046198,1.8788349912468556,1.9036496634787952,1.9408557789776646,1.758290558882024,1.969033842530644,1.660542827243006
