Patient_ID,Fp1,Fp2,F3,F4,C3,C4,P3,P4,O1,O2,F7,F8,T3,T4,T5,T6,Fz,Cz,Pz
v204_v204.csv,1.6642178333657296,1.5450998132132128,1.4904957922224762,1.7482501548954739,1.6932390206619612,1.6411475713044856,1.5574186139234456,1.4229440531759923,1.559157353074529,1.8537878003586528,1.190137021442387,1.6917870813395215,1.9495698286073386,2.054795850383555,2.067029335322913,1.7501010853228038,1.345851809762069,1.794388312186987,1.4347376156829332
