Patient_ID,Fp1,Fp2,F3,F4,C3,C4,P3,P4,O1,O2,F7,F8,T3,T4,T5,T6,Fz,Cz,Pz
v308_v308,1.747185365316632,1.776387899338058,1.793766601896678,1.8079793511246107,1.7357473060322421,1.8847852420455506,1.6885363756743823,1.743206091259717,1.629965259629687,1.7541904598810314,2.0127044682657376,1.9797036855650978,1.8294578900180047,1.8312382746674007,1.9574048793202774,1.948204120953056,1.6668248120980742,1.9751783090211452,1.7552751599107745
