Patient_ID,Fp1,Fp2,F3,F4,C3,C4,P3,P4,O1,O2,F7,F8,T3,T4,T5,T6,Fz,Cz,Pz
v60p_v60p,1.0095921192044064,1.2473190223374617,1.247988924890227,1.3652186910267394,1.2882937653302529,1.4176905106116955,0.993944434415809,1.2190532944897416,1.069379935024708,1.3197429579675761,1.2075529528236428,1.5018702657527765,1.4013246981911052,1.2285004262683263,1.0253576183521647,1.2927243794863656,1.184757475183622,1.5026422286398335,1.1171887848949917
