Patient_ID,Fp1,Fp2,F3,F4,C3,C4,P3,P4,O1,O2,F7,F8,T3,T4,T5,T6,Fz,Cz,Pz
v131_v131.csv,1.5469066653650865,1.7707364580358211,1.0983190212901883,1.4732284155933937,1.2445506781981157,1.558658938983664,1.2382200634503784,1.3198499861306412,1.527702293021779,1.7459084519319283,1.314038408251304,1.501578474229607,1.0931105496300297,1.622889422560367,1.4237018452390275,1.5080113460745403,1.3169082244273795,1.4606913727197544,1.1232920794986603
