Patient_ID,Fp1,Fp2,F3,F4,C3,C4,P3,P4,O1,O2,F7,F8,T3,T4,T5,T6,Fz,Cz,Pz
v236_v236.csv,1.2326198591779072,1.0288915118597322,1.329294803515046,1.1914008519143988,1.4134157000529743,1.2554320842548004,1.2666206886142706,1.1559844533477035,1.3208538560306655,1.2388169247143122,1.3499578049605718,1.1865978828865176,1.4303165374565023,1.1513586768814683,1.7429997936966029,1.173201626180464,1.3000108769766832,1.2504481285257931,1.240635274655872
