Patient_ID,Fp1,Fp2,F3,F4,C3,C4,P3,P4,O1,O2,F7,F8,T3,T4,T5,T6,Fz,Cz,Pz
v121_v121.csv,1.6838521580433046,1.948727939244665,1.6699756850573935,2.027627207082909,1.6439815406587486,2.03976590962292,1.4406797615865656,2.0351462430943714,1.6956151642569761,1.7682286770714768,1.4572768896281403,1.9133010217399997,1.3878039330839633,1.977413357911371,1.5276525431903534,2.0199295731099447,1.8712923457835586,1.9943135558041591,1.4801091890342377
