Patient_ID,Fp1,Fp2,F3,F4,C3,C4,P3,P4,O1,O2,F7,F8,T3,T4,T5,T6,Fz,Cz,Pz
v55p_v55p,1.8280848358103974,1.4597012683733452,1.8110923583376746,1.4531832223665355,1.6931847704943177,1.6219578923725733,1.7589887229168273,1.4381504851114366,1.7489418956474898,1.515576170675721,1.9994765869040538,1.47495785288337,1.8679272198650043,1.636291134228204,2.0120925707351907,1.7528665383450877,1.7497768640647768,1.7256711008251404,1.6378973119295326
