Patient_ID,Fp1,Fp2,F3,F4,C3,C4,P3,P4,O1,O2,F7,F8,T3,T4,T5,T6,Fz,Cz,Pz
v45p_v45p,1.6370351892706259,1.750633732515606,1.5967410411161853,1.7683550249440803,1.5206029345932084,1.8822004133685173,1.7471516953850248,1.7612355786899103,1.7139378155153349,1.7402451111567183,1.7772483145034714,1.7957062032691509,1.919958073406173,1.9334547463260963,1.9150932237195084,1.8547673715341695,1.6270527410276459,1.8390839580660723,1.5005543371970225
