Patient_ID,Fp1,Fp2,F3,F4,C3,C4,P3,P4,O1,O2,F7,F8,T3,T4,T5,T6,Fz,Cz,Pz
v302_v302,1.927555486906627,1.651993655430764,1.9534295430380917,1.7360607487651487,1.6566395015667785,1.713511668811229,1.7864685333791952,1.7494770971247577,1.884013159598478,1.7863201459185545,1.885342651436237,1.360079686726746,1.7461467016434806,1.5874079281268667,2.0034765950425326,1.9489409673665081,1.8932573553495997,1.81635971281628,1.5859278193413169
