Patient_ID,Fp1,Fp2,F3,F4,C3,C4,P3,P4,O1,O2,F7,F8,T3,T4,T5,T6,Fz,Cz,Pz
v181_v181.csv,1.49843985496577,1.5121777375610548,1.2410905641715795,1.2632282628187408,1.2801394432122426,1.4316088541983056,1.1974845411537633,1.1961015146359038,1.1236791022434325,1.3793418042395378,1.306390778392541,1.2338115178879683,1.5665285742699515,1.3107628206100523,1.2771590883330157,1.2319842546927764,1.1322023649736415,1.3771045970386955,1.1714841075846287
