Patient_ID,Fp1,Fp2,F3,F4,C3,C4,P3,P4,O1,O2,F7,F8,T3,T4,T5,T6,Fz,Cz,Pz
v111_v111.csv,1.3905093984652765,1.439307508411956,1.4560180358439956,1.4491422433030174,1.8393305401619093,1.6240740814168975,1.6073639610490416,1.6100381791907665,1.454776588192901,1.482954466456289,1.585560272882082,1.4487388389023312,1.676270975667303,1.499008200738312,1.4847184639404847,1.5440786612795048,1.7899337245971845,1.7629605421665753,1.5408528802028925
