Patient_ID,Fp1,Fp2,F3,F4,C3,C4,P3,P4,O1,O2,F7,F8,T3,T4,T5,T6,Fz,Cz,Pz
v3p_v3p,1.3956364595788604,1.41364549948559,1.650871369238132,1.6921850905242373,1.5951036372470266,1.7147288948086041,1.5189026184728034,1.5537976451655902,1.8679241978603223,1.8546310377888373,1.778350451599275,1.4999967002668173,1.8355876735149552,1.6663141425669625,1.6733192480976058,1.7449805602099753,1.5066595059674612,1.7324922013153339,1.5704634319990638
