Patient_ID,Fp1,Fp2,F3,F4,C3,C4,P3,P4,O1,O2,F7,F8,T3,T4,T5,T6,Fz,Cz,Pz
v298_v298,1.863663786593265,1.7347890130880081,1.7428887329259108,1.652471555091589,1.7771822842228113,1.6723338205379292,1.7770478610675173,1.6440168254931726,1.589239563039078,1.6462294997249476,1.684976518117704,1.3899211359169819,1.786176706122891,1.6960551614897095,1.7699227640147965,1.885582773575413,1.4592292528636226,1.7960483421515692,1.3979753785830153
