Patient_ID,Fp1,Fp2,F3,F4,C3,C4,P3,P4,O1,O2,F7,F8,T3,T4,T5,T6,Fz,Cz,Pz
v173_v173.csv,1.7085141932224488,1.698930077616895,1.6202379573646009,1.6651009291302898,1.6213559852072974,1.7074291114450046,1.4576331809748817,1.5289315634894072,1.7164284230463016,1.5649430106513895,1.793826995433105,1.7369614009826018,1.8242251899943245,1.770432477289111,1.8364539742142503,1.5572089624682204,1.644549148601429,1.7063487841491618,1.535669824229382
