Patient_ID,Fp1,Fp2,F3,F4,C3,C4,P3,P4,O1,O2,F7,F8,T3,T4,T5,T6,Fz,Cz,Pz
v151_v151.csv,1.5538702010217982,1.4560265487407067,1.4080336985736435,1.4104123090682776,1.6692232628418786,1.473603228228428,1.9267193146244193,1.810098401838765,1.3652602983207673,1.4259059798547944,1.5998016404586908,1.5765529178521516,1.3445683016716061,1.7664571264206224,1.541758126509523,1.615590170923729,1.6591839991898238,1.675301519113801,1.529967955726406
