Patient_ID,Fp1,Fp2,F3,F4,C3,C4,P3,P4,O1,O2,F7,F8,T3,T4,T5,T6,Fz,Cz,Pz
v12p_v12p.csv,1.491631843633967,1.1872970045811058,1.6671492780963435,1.6979852183454724,1.6300952958721995,1.8250578701290543,1.3571479542233882,1.7693412926746221,1.8174548423522197,1.9435913849118425,1.7943867598986927,1.8083703465876297,1.426050155864126,2.038300032728184,2.050432023446298,1.9881518815187178,1.7169122618800827,1.95043293796736,1.4981268191047334
