Patient_ID,Fp1,Fp2,F3,F4,C3,C4,P3,P4,O1,O2,F7,F8,T3,T4,T5,T6,Fz,Cz,Pz
v24p_v24p.csv,1.425628502020409,1.3742937900536707,1.454248564410427,1.4052796812433361,1.5145023799735102,1.6321762867173346,1.5220985949873982,1.6770491774440774,1.5935717204853006,1.463877380150401,1.5287176371941755,1.2962913250185069,1.4722953194949193,1.48801062891584,1.4966528327483242,1.489288460935962,1.3701250459112209,1.5581827624365396,1.7379678738085378
