Patient_ID,Fp1,Fp2,F3,F4,C3,C4,P3,P4,O1,O2,F7,F8,T3,T4,T5,T6,Fz,Cz,Pz
v244_v244.csv,1.2825978150847832,1.38802136887346,1.3156637589891615,1.3099925658067568,1.3984278926075566,1.4949951709148057,1.4654568892401119,1.3154499097712113,1.56801078420171,1.4132884441761093,1.336882087967982,1.2886239398426418,1.3540222529106125,1.3993429923934158,1.6909274360975477,1.4515724595716821,1.2856411677175528,1.3727311241980602,1.411618813106943
