Patient_ID,Fp1,Fp2,F3,F4,C3,C4,P3,P4,O1,O2,F7,F8,T3,T4,T5,T6,Fz,Cz,Pz
v177_v177.csv,1.5973624240739488,1.5724571684146365,1.3563838256557141,1.5499665923064683,1.4584105755408743,1.5510244470181989,1.5607795051630018,1.3534632400138809,1.598323356323884,1.362465931672884,1.593291320803465,1.440854736535885,1.5674985137822222,1.5248568064999386,1.8807361089939425,1.6223507645288957,1.3874459209603867,1.6382321823558028,1.675866933252308
