Patient_ID,Fp1,Fp2,F3,F4,C3,C4,P3,P4,O1,O2,F7,F8,T3,T4,T5,T6,Fz,Cz,Pz
v140_v140.csv,1.469836459991475,1.3709199046550742,1.5566824227173157,1.5135975917300053,1.4151659461577624,1.570767717476369,1.3488128509081414,1.48314607221073,1.325350617984253,1.4466151163486494,1.397443124031153,1.305597993034426,1.2994108003091975,1.5738115267996426,1.3202896922509253,1.4231576799521282,1.289219195342691,1.5365047271043406,1.5730295936812504
