Patient_ID,Fp1,Fp2,F3,F4,C3,C4,P3,P4,O1,O2,F7,F8,T3,T4,T5,T6,Fz,Cz,Pz
v196_v196.csv,1.7516479911852407,1.6996052607796681,1.5688876115330164,1.513010458603905,1.6221253175923271,1.575328868056197,1.7437684590440128,1.456006028070148,1.5615873600516958,1.6394146962038518,1.2964496307678348,1.2464759973239548,1.7864051710978943,1.760270477895233,1.4743201617037252,1.6682764264336853,1.8656857279025845,1.4872048952186527,1.510410575953253
