Patient_ID,Fp1,Fp2,F3,F4,C3,C4,P3,P4,O1,O2,F7,F8,T3,T4,T5,T6,Fz,Cz,Pz
v286_v286,1.7027710633543398,1.7552832935498621,1.5794616173592995,1.6403119062597216,1.6670623148273824,1.7941680975278267,1.742419422555808,1.5691058711156796,1.9623705501462645,1.795714017247759,1.7605304224168687,1.7050313034084832,1.9423062660180825,1.7018650794316184,1.9864362968641203,1.9650088712002418,1.7175652442707792,1.646149877094766,1.5695695794532982
