Patient_ID,Fp1,Fp2,F3,F4,C3,C4,P3,P4,O1,O2,F7,F8,T3,T4,T5,T6,Fz,Cz,Pz
v31p_v31p,1.469288000966511,1.6733063605234015,1.4307221534403425,1.6038599598680259,1.5347952698428555,1.7824214165499628,1.6428625711785392,1.6942422031704227,1.7178238843072444,1.809591035188209,1.6284190794081157,1.7183045028940107,1.568710851283631,1.7888269795825877,1.785807895904667,1.802699846644039,1.3472569094877405,1.6606973199342034,1.5524804804023935
