Patient_ID,Fp1,Fp2,F3,F4,C3,C4,P3,P4,O1,O2,F7,F8,T3,T4,T5,T6,Fz,Cz,Pz
v284_v284,1.5371278507682797,1.4833403708530777,1.4632428426495916,1.426081274717884,1.225894087062526,1.484740662534037,1.579129819732013,1.2767412012967996,1.7663342847323058,1.4213726580662325,1.4972750293117918,1.3305783516701868,1.7661031190230627,1.5702930703646572,1.872199569836761,1.1750931487335041,1.3747975651109408,1.3987630327433358,1.40513760507412
