Patient_ID,Fp1,Fp2,F3,F4,C3,C4,P3,P4,O1,O2,F7,F8,T3,T4,T5,T6,Fz,Cz,Pz
v198_v198.csv,1.6211299660140472,1.6486150991551796,1.4232343700308343,1.376361943576816,1.506156888586017,1.480485655537573,1.6965219204296664,1.3799516773772775,1.4251219091597513,1.3333345088219128,1.4751271720167405,1.4914047154852108,1.620956963280634,1.3555852823939554,1.6606033744797148,1.332197810744523,1.4234872985602287,1.4839054274137773,1.6248612996835328
