Patient_ID,Fp1,Fp2,F3,F4,C3,C4,P3,P4,O1,O2,F7,F8,T3,T4,T5,T6,Fz,Cz,Pz
v25p_v25p.csv,1.3791221585414242,1.8546312403391427,1.45686576083094,1.939222873870774,1.4566068010996571,1.935586593731868,1.4940897909530215,1.90388659842632,1.5336755864820768,1.9776279183794516,1.5199810563769702,1.9490115056712378,1.4735761486867078,1.9981160415963881,1.5330958748131809,2.0592189959486404,1.3493932167812135,1.8890950145445071,1.5009848081868027
