Patient_ID,Fp1,Fp2,F3,F4,C3,C4,P3,P4,O1,O2,F7,F8,T3,T4,T5,T6,Fz,Cz,Pz
v109_v109.csv,0.7470004863350095,1.0018371216566293,0.7978826059045825,0.9465741038447706,0.7670203582281578,1.0628508119932647,0.7627069645705253,0.9658997774221607,0.9319830107531768,0.9281836560706815,0.7969851172247169,1.04689468255365,0.648550159484536,0.9085968395600088,0.8010873147419031,1.0186924106662643,0.8992676187170545,0.993247828073585,0.997748075208249
