Patient_ID,Fp1,Fp2,F3,F4,C3,C4,P3,P4,O1,O2,F7,F8,T3,T4,T5,T6,Fz,Cz,Pz
v59p_v59p,1.4141580657430146,1.2341589991631836,1.7096995321750583,1.4782080628764311,1.687582097971461,1.5630319838268476,1.4551010299265883,1.3071171029305657,1.8516445755893391,1.5400490419244406,1.5081226320569487,1.3060956822359686,1.642669589814036,1.3771708486738592,2.0240246251089333,1.552006405778624,1.573521438642965,1.5505350380747265,1.8526408304029012
