Patient_ID,Fp1,Fp2,F3,F4,C3,C4,P3,P4,O1,O2,F7,F8,T3,T4,T5,T6,Fz,Cz,Pz
v147_v147.csv,1.2619438480226144,1.385432095468655,1.1367611760872847,1.1649944714303038,1.2710118315193206,1.3343824086106513,1.1463061522751312,1.0445756117373342,1.109531025135809,1.152029500825107,1.3369676963487045,1.3804244668705525,1.033157082444113,1.3194617385519871,1.5003279128114784,1.2840001102885044,1.3522281074018179,1.2774369773051122,1.1858270457586468
