Patient_ID,Fp1,Fp2,F3,F4,C3,C4,P3,P4,O1,O2,F7,F8,T3,T4,T5,T6,Fz,Cz,Pz
v34p_v34p,1.4518656994423713,1.3879433641567478,1.2868300868521425,1.469026391236293,1.2691661629955093,1.5442956010626552,1.3746285762999433,1.417230957164108,1.3745274047278109,1.4506117587524265,1.427692236953365,1.39069092046247,1.3077088660341976,1.423867887691031,1.3544048839291305,1.576928174194891,1.2662750876790132,1.4231472845633468,1.312649192336782
