Patient_ID,Fp1,Fp2,F3,F4,C3,C4,P3,P4,O1,O2,F7,F8,T3,T4,T5,T6,Fz,Cz,Pz
v307_v307,1.6924142827929511,1.8676194064431204,1.7907065042039774,1.4979797417177574,1.8727677273560888,1.7501256692321583,1.8399873501292694,1.735557454324411,1.7382727849335105,1.5929137827180875,1.67153725423666,1.430860593524542,1.8753906887960614,1.8617797174073711,1.7219387381286388,2.0506718742901517,1.8307822318674845,1.6969130290929595,1.835012663626518
