Patient_ID,Fp1,Fp2,F3,F4,C3,C4,P3,P4,O1,O2,F7,F8,T3,T4,T5,T6,Fz,Cz,Pz
v305_v305,1.3842225934127104,1.63168918112438,1.6624698639807027,1.8728104986755714,1.5496649420660087,1.7900290892096713,1.658016839339882,1.7602036651798683,1.467955738861753,1.6846019207221241,1.900943041772278,1.7329669166073955,1.8719344503442121,1.122850775216298,1.8415815464507546,1.782072634992665,1.4695183669494147,1.960774938908159,1.8279650092193096
