Patient_ID,Fp1,Fp2,F3,F4,C3,C4,P3,P4,O1,O2,F7,F8,T3,T4,T5,T6,Fz,Cz,Pz
v309_v309,1.8141925769178409,1.7588543312398661,1.6943088399561406,1.7624723262833548,1.8970632089015416,1.8597074814734231,1.8541347780682633,1.3354619549534705,1.4639219950953484,1.785237614976368,1.8218055744690842,1.779842103267411,1.8843144675205972,1.6587118959940437,2.0368957491000836,1.9964751051821565,1.8400522457645625,1.9591514731986326,1.8378383071044437
