Patient_ID,Fp1,Fp2,F3,F4,C3,C4,P3,P4,O1,O2,F7,F8,T3,T4,T5,T6,Fz,Cz,Pz
v33p_v33p,1.5395507682147045,1.599154495231394,1.5000057021061508,1.4528898496036047,1.4710118092527642,1.6175060467815259,1.510844291068679,1.4578854219155883,1.3291097087672434,1.4623680797361032,1.5380424307545995,1.4210946879194024,1.4609812387708572,1.4608523096514925,1.4064109021274,1.5551790567793842,1.4441682866422108,1.596079842272732,1.470544947939461
