Patient_ID,Fp1,Fp2,F3,F4,C3,C4,P3,P4,O1,O2,F7,F8,T3,T4,T5,T6,Fz,Cz,Pz
v19p_v19p.csv,1.35967235812836,1.241610637897172,1.1148404490470978,1.28985921130828,1.1690638501217872,1.3453288017913523,1.3187692643043776,1.3592096314223734,1.0950254976839546,1.0980999669127853,1.1144539398390592,1.1893042291167064,1.2025648791025847,1.323382127826937,1.3556671548393675,1.086739992768491,1.6142487346923282,1.3395862620363448,1.2309840527305842
