Patient_ID,Fp1,Fp2,F3,F4,C3,C4,P3,P4,O1,O2,F7,F8,T3,T4,T5,T6,Fz,Cz,Pz
v53p_v53p,1.698609840013341,1.5628757360410868,1.75007937135861,1.5421699643420403,1.5492517278468556,1.5626113143002027,1.6034113855783731,1.3237374526726593,1.6435231573884916,1.578686338667862,1.8041250432943965,1.524118110141929,1.6458233818943881,1.6996338917626348,1.8623917526303817,1.6012723795663,1.6545778428741578,1.7641942372878923,1.6358325109585277
