Patient_ID,Fp1,Fp2,F3,F4,C3,C4,P3,P4,O1,O2,F7,F8,T3,T4,T5,T6,Fz,Cz,Pz
v116_v116.csv,1.111425176526509,1.5602946417381314,1.1686050785219466,1.564935415634928,1.0347740941950967,1.7196204952232277,1.0730181820940277,1.305960932689386,1.0855962556679493,1.49369588569401,0.8601750263314631,1.5572067943034344,0.8539395955851719,1.5611629639535525,0.7969544168062188,1.4070166632371999,1.1169309323240597,1.471265875349642,1.1691532895578765
